Txn Hash,Block,From,To,Value,Txn Fee
0x43a1a360188faaa2b227c1133d66e155c240816b33d6cba682e9ab27dbc77012,4000718,04f586957689dd425776cb9dabf6c8fa5b311a175ede33e1e85b54c931b6d8fb14f8085a1b095e6886a25bbe346da08eb05e605f100e67272da7dac4d4c43d60bc,04ddb66f61a02eb345d2c8da36fa269d8753c3a01863d28565f1c2cf4d4af8636fdd223365fd54c0040cb6401cfef4b1f2e3554ae9cc5de7a0fb9785a38aa724e8,0,0.00297594
0x5d62904924aad8b9c0974ab6640dcc3e604a19b13af12a6885500536b4a94edc,4000718,04bfde01a8a6973c4ece805f9a46f83d076a00e310e37351b50ee9a619838ce19e6dca73814b3557845140d0e97850487277b5a7ba87f26bd0cf9d943ce7623b9b,040fb119adeaefa120c2cda25713da2523e36ebd0e0d5859bef2d96139583362d9f8420667557134c148405b5776102c633dfc3401a720eb5cdba05191fa371b7b,0,0.00043584
0xc38e066b34b821309eca352f37c2e41083fd18441ac6a1bc86061d0184b86bac,4000718,046fbf49bb8134c53d50595895283d4ce3b09473561219c6869ee2300af5481553e43d84d49837bd5a73fe6a3ab9337ef68532e1bf14ef83fb2d42eaa55c237680,040fb119adeaefa120c2cda25713da2523e36ebd0e0d5859bef2d96139583362d9f8420667557134c148405b5776102c633dfc3401a720eb5cdba05191fa371b7b,0,0.00043712
0x51d03a8053c8bd80ba45d1dc8b5182610d64417b7d87cb26be67b294a2ff4b47,4000718,04471e6c2ec29e66b89e816217d6f172959b60a2f13071cfeb698fdaed2e23e23b7693ed687088a736b8912f5cc81f3af46e6c486f64165e6818da2da713407f92,040fb119adeaefa120c2cda25713da2523e36ebd0e0d5859bef2d96139583362d9f8420667557134c148405b5776102c633dfc3401a720eb5cdba05191fa371b7b,0,0.00043712
0x4e5632ac9ad741af0a82a86c02218d0a64dd9ed56eb4512fa11d975523203af9,4000718,0482c4b01761ab85fcabebbb1021e032ac58c62d184a80a588e7ba6d01928cb0402bb174b6e7e9ce7528630bc9963bf7643320365ab88ee6500ad3eb2f91e0efcd,040fb119adeaefa120c2cda25713da2523e36ebd0e0d5859bef2d96139583362d9f8420667557134c148405b5776102c633dfc3401a720eb5cdba05191fa371b7b,0,0.00043584
0x3cdc7c72567a0a8a0f4f39a2d517446524ff0e3e0745ab21e14068dad94422dd,4000718,04665d86db1e1be975cca04ca255d11da51928b1d5c4e18d5f3163dbc62d6a5536fa4939ced9ae9faf9e1624db5c9f4d9d64da3a9af93b9896d3ea0c52b41c296d,040fb119adeaefa120c2cda25713da2523e36ebd0e0d5859bef2d96139583362d9f8420667557134c148405b5776102c633dfc3401a720eb5cdba05191fa371b7b,0,0.00043584
0x35c5270d5d4c1d08d925348fe232cde5c3490e86468ab7a5691078de52f28850,4000718,0446a08e02df8950c6c5d1a1199747efab9fb5aadcdd79a95139f35bfbcf31f9ef8b116bad1012984521b6e7f07d1d8c67894d7d52880f894c93ff9c0aff439eb4,040fb119adeaefa120c2cda25713da2523e36ebd0e0d5859bef2d96139583362d9f8420667557134c148405b5776102c633dfc3401a720eb5cdba05191fa371b7b,0,0.00043712
0xb02e2ac7a44ba56ef8900751ec3d74a3403ff565ae6cf6ccca8827f26664b07f,4000718,04cc4b7eec3629b6221be080110cc17decd6c0f9305ced1e587941f1fe5301ba4a5b3194b6db4e297580ec82cf8d5664a6057bf42873910664f259e0aede5731dc,040fb119adeaefa120c2cda25713da2523e36ebd0e0d5859bef2d96139583362d9f8420667557134c148405b5776102c633dfc3401a720eb5cdba05191fa371b7b,0,0.00043712
0x64b950eff82374312ea6784b01a63695db863840c578f0c9cae7313aacc774f7,4000718,0401d8c7ca7cb14196be6e39f9b14845b5e6144373d5721c05b1b269955d3861a7ecaa31ebff836770574c82497f00811f9d903f89e231bf61ca1bd961541db527,04670cc2d707fffe69f1ab5cd929c168f6cde7ee27b339d08e8e8d92e42ec9d471ff93509488e25493bdd041c2458e67b1b78e55db2a6f67c0602d7d32990176f6,0.018,0.00042
0xad79836b791da5b86de3c5a95e8a8d0cd947c873698612d0788f02e7c3bcd560,4000718,0401d8c7ca7cb14196be6e39f9b14845b5e6144373d5721c05b1b269955d3861a7ecaa31ebff836770574c82497f00811f9d903f89e231bf61ca1bd961541db527,04ede7370b728d35c23bf21bb9496131da34a481a6a64f76f0d6097799fa686b06ebb000176c8a2e92b8c6ae61a1eb7cbff806f778a38ff7f4ebc9569f39174a90,0.018,0.00042
0x2262f057f5e292c366f664b7397554b16f03662fd6a198c9a02ac6a15e0880b6,4000718,0401d8c7ca7cb14196be6e39f9b14845b5e6144373d5721c05b1b269955d3861a7ecaa31ebff836770574c82497f00811f9d903f89e231bf61ca1bd961541db527,040111dbbb15166f16f77b5b16f31de91fa43a2399f8c940ccab922a121fe8cb0b428668851f8131ba0440e84507c6040e8fc1116555335725e1e954b2fe9cf52c,0.018,0.00042
0x2ae28acf25e8ce358272b852bbcb02eba95a23d39aa6f005f77418ebe52c8e27,4000718,0401d8c7ca7cb14196be6e39f9b14845b5e6144373d5721c05b1b269955d3861a7ecaa31ebff836770574c82497f00811f9d903f89e231bf61ca1bd961541db527,045bf028724efa0727c04cec7e718ebb27f6a080b88e4b942c77336a5adfccb96146ccd7b486e304df51a9ae0a453c52d5d119b418b52cb97b7fb848cd9efd6cea,0.018,0.00042
0x76984c0de697e0f6ce00767988806c9a59e8f44626ff9947a3b1242167552a23,4000718,0401d8c7ca7cb14196be6e39f9b14845b5e6144373d5721c05b1b269955d3861a7ecaa31ebff836770574c82497f00811f9d903f89e231bf61ca1bd961541db527,043ba338b695e39d6ecb8ef5b4c16a0616f06f52f29a2068ead1f33274202b4c2798f0ef5be51f46df9f62e01f8d65a50a60ddbdf85b36607552626822a0f41921,0.018,0.00042
0x49f363732cd86a7e0c30db88aad1f5980538e196eb5526de92645c78aa78607a,4000718,0401d8c7ca7cb14196be6e39f9b14845b5e6144373d5721c05b1b269955d3861a7ecaa31ebff836770574c82497f00811f9d903f89e231bf61ca1bd961541db527,04686044e26bbb146e1677d0a926f40244fd9991509ad04ffc1b8353d24c6fee96361ee9ab5905f69084e765c3f231be19bf9fa98afbfb69a2381e843662aeaea9,0.018,0.00042
0x85447d41cb0946e1059e5613286731e0bdccaa243e26c64bea4ec2001801f00e,4000718,0401d8c7ca7cb14196be6e39f9b14845b5e6144373d5721c05b1b269955d3861a7ecaa31ebff836770574c82497f00811f9d903f89e231bf61ca1bd961541db527,0444792068683712e11b2df2615d39cda8d7925e83e1914bf45bb2ccdfaf45e1de5300bb1eb9503a1be156505cf4f2e367f4178e95e12f89f31dbfc2a59e96fabb,0.018,0.00042
0xf649cdb9b5345499991f0b46d2b47d3e71394008daf6ac02fcfbaccc578b0d24,4000718,0401d8c7ca7cb14196be6e39f9b14845b5e6144373d5721c05b1b269955d3861a7ecaa31ebff836770574c82497f00811f9d903f89e231bf61ca1bd961541db527,04c56a992de87b3cd78a0ba7f03f2affcab71411c2781bb3d1debf719c7360915a0971fabf91378f213005c888b362d12358423d07cec8db32b381e670d1d5aa35,0.018,0.00042
0xd0e20a4539df03733e74f5318c3076fbc29d3e558f534eb383a2eef460171492,4000718,0401d8c7ca7cb14196be6e39f9b14845b5e6144373d5721c05b1b269955d3861a7ecaa31ebff836770574c82497f00811f9d903f89e231bf61ca1bd961541db527,044f82d3ba2d746c443291a7f96da8bafaf08b1981059015d81ee55c71188d22762f7b08c5fef7ade325253b42c8466847ce2e978b4d9b44bf11c49b571ab4b8b4,0.018,0.00042
0xa46f77bbbc736d13d16f89da6f12041a5392c22da8cbd0ac82b8289a6a04a9d2,4000718,0401d8c7ca7cb14196be6e39f9b14845b5e6144373d5721c05b1b269955d3861a7ecaa31ebff836770574c82497f00811f9d903f89e231bf61ca1bd961541db527,040cbde1cdfef536018cfc4ed28c12a138a4bcc285d8e43cf4da6ac373ddd4bf30e36cb7b093f3cd3cae1aea2a32fa2d701602cb30e5e18e5b4021841b30245182,0.018,0.00042
0xd6404a41dfc92d66fb67675ac542ce6cf21876332a31df78deabc4d13dbb8de2,4000718,0401d8c7ca7cb14196be6e39f9b14845b5e6144373d5721c05b1b269955d3861a7ecaa31ebff836770574c82497f00811f9d903f89e231bf61ca1bd961541db527,04a628abefc5f17ba8f8f0f516e45d5841275a0700acb05d7b1835dbcf9983e0b5898511a9a75ff09e2e2bc79e60933cc3257010fc69ef2489567d9a3415fb2bd9,0.018,0.00042
0x8995b3bb30c251e65a9c106b061f4cfec1aaadf51a70eb9571f6c12253edc88a,4000718,0401d8c7ca7cb14196be6e39f9b14845b5e6144373d5721c05b1b269955d3861a7ecaa31ebff836770574c82497f00811f9d903f89e231bf61ca1bd961541db527,041086c9da2e1ebd08c09ece101eef0c5a391313c5fb801d8f21e5542c036a1db20932351502089ae8dffea3884b4d5ca045639f1b81d426761d53dcdf35d47520,0.018,0.00042
0x2badf120b75a3fda1ff373ea32389cd8ab6972949ea82a23c24464e6faebef8b,4000718,04eb202d6e987838cbed07efad2725d26c92bb39bdeace5fba68f144ab6a22221d18fa4bc9884edbd141d9cb4702e0e151e83b3201d3f5bdbad8f8900f25494556,04f4ea1b460f5fa9a48806892602988e0d02108af1f2a8b1e0196763ad85a1427b26360b19c1dfed0d1d2709e6d3ff9ed22c6f70a9a9826201be3013ec537b75da,0,0.00104576
0x850fcf3fe29fe2be93eb03d7be4fb44c85a4370a0a9476941f1b88939497ac53,4000718,04664825c5e136fed6866e57c6c03777be4e270d7cdb0bb6376b24b414a1e66588a890ca5e4a403245566049fccf32db8f3fd320583b02d3dbeec95bd3a1f40aac,040fb119adeaefa120c2cda25713da2523e36ebd0e0d5859bef2d96139583362d9f8420667557134c148405b5776102c633dfc3401a720eb5cdba05191fa371b7b,0,0.00043584
0x708177c9085543b5a39c87c0b8b754bb31222f8591ad6eeb8b2de39c5a912d05,4000718,04db8c1042a7f9f282a45feb894cf2f241b26e8e8bdb2c08988a77b83dd16ea91edb5664406fce0ad59c8a6e981a7fa353ead4686e1aae10b43e0bca169ec54fe5,040fb119adeaefa120c2cda25713da2523e36ebd0e0d5859bef2d96139583362d9f8420667557134c148405b5776102c633dfc3401a720eb5cdba05191fa371b7b,0,0.00043712
0xa85c3d65bee2b39f1ed088ad04583b99c803cae5692ce11c49f1d654abf5fdaa,4000718,04821c69bd105b7e4b999465c388988b046f86882c4018ced7b4d2ef30b265d4aa200fd114065a6044a934ed5ef49bd68a00c7c3206694acf3da178b891dcfefbc,04c62cd77a804a3790644080b89d8887f0066cc1b2f67c7c5150047607515012397912540bb769a38c796690ea0fc3126183017102104ec91330ca65b84cab84ec,0,0.00043346
0x632ac683fcdbcc15f3a087d2d73a4237e87b2563782dac8d8e65eefb3c453f1a,4000718,04103ec7ab9563a31b8612c60bf5fc123def921c472593b2bb06a914c874828cc9daf296167fccd23f1c95f9160e1b1f1d4e2b82014eb333d7ef46a11b67cb8785,040fb119adeaefa120c2cda25713da2523e36ebd0e0d5859bef2d96139583362d9f8420667557134c148405b5776102c633dfc3401a720eb5cdba05191fa371b7b,0,0.00043584
0x9721acbdc5479f8afbf3c00edaa8ac3078de1fd2f4d21248d47ccbfdd0c41d0b,4000718,045c7984996702a29b89890eaab4ba2dfe451177bad01a06950fe539257aa6cbc315ade437772f7f7c4ad4a6e06b6b0bc24bd9210a595529d6ed9fc95a84731416,040fb119adeaefa120c2cda25713da2523e36ebd0e0d5859bef2d96139583362d9f8420667557134c148405b5776102c633dfc3401a720eb5cdba05191fa371b7b,0,0.00043584
0x9e08293f1d20b5e0c45423d87b6eccdd35f417c07949917fa68deb46479e7663,4000718,046e5c964b52739f86e388ad40e9a4fade41ee24b97c6d75407a0c6112f8ecabe30c47a7ddd6b02427984b103fcff4a400da40fb378108ed6b35a70361175702a3,043372f349f77f640682b468c83d46f9d92c90609b28c59843acfa425043b614fecbf225b16a844542d04cd13e4597f6eb573ed0fd054107583eb785ed8e1a30e2,0.001,0.00042
0x986cb8ed3ac9404feab1bcbb27be230506de898e025935233f78ced3958699b1,4000718,04868148102689cbfb9118f18d225d8562c61ae941f25374d2482673c0b2e754b56b215bd88302643c527594646d518189930cdf78747b08234f2b4e386f79988e,04e9eec5fc49ee9cce773f2222d2e9536a1c2ba76ecbfcaa9ef68a1357224af7aa56cbca6839b476944e34bf8adcea3affe3254b7a4bb3b3f2fe9a05bc6170a6a4,0.176482607,0.000441
0x939c882337e5741cf7647def9811b0a2b19102387df22d683c2c1c93816827ec,4000718,04e6a3eeb6b7845c3215375edb5b4e5a72b2893fb69a9c12273a4a1d336a7c8adc456ace61c422986a17646f673789cbf9a0e44434a1a530c8361d588e0e7c955e,041b7d2482344f572464b4f49c5ac3e7343b5fffa613acf39d19b16a68af4f8993d772140c26c8ef43a80dc269b8dfdde6bbcf1fc2891f50030f7f57d496ee6eaf,5.37,0.000441
0xda0ff2ee0c65cb9cdd2d191e5304cfcbfa2170799748e02be0c0549c05825a1f,4000718,0406a7155ac2c1dccf7d111422acb44b0273cfe1af52d35fc6fb0ec15b45ef45f1c4a3fab17dafbdf8a20ae357a4ab76d222b1c11ea19eac669e2981b4df3944d4,04e5a0ee520b1991603afba789e12b2bf0ebc14c5e4a982b8bd059ac187aef614a21dbd722853f9f488a2191e605b5fdea9a500beb8302712982c8f8d9f9fa3ab8,0.049306426,0.000441
0xbc781513265ff7d4f760f8f0fb19b2034ea5809a1207ce21f78761d2e4bac550,4000718,0406a7155ac2c1dccf7d111422acb44b0273cfe1af52d35fc6fb0ec15b45ef45f1c4a3fab17dafbdf8a20ae357a4ab76d222b1c11ea19eac669e2981b4df3944d4,0465486a4bcec60ebb0f2aa8b1a6385c859612549675084709fc156d862635ed678b013edf9c9d4efc2eb6c39b4e8b5d476ce5199a816850a2d36abaedeb54fb5e,0.049768839,0.00082975
0xde2f41e748f6b68f2bfda4e88b6726ebcb5a3a19943be71067138f7cf2968607,4000718,0491d5fb78d740773bbe0bdda3cd6e4bc47db83a43029f0e6e17ec069ba3ec9ae8c7c6d12f5ff3dabdcb9ab88b1ba4d9acd3ed2ce5920942f607a615d7d82aa64e,04de3150fdd02e92e3a646acfb3e8a254c11d75bf0708d01a7ded9721bab6e6a18328fea32473b27821b70f7d1300ae41d147f26de8f473ccc9ec3e5f9363ea08e,6.051663762,0.000441
0x86f78cf6fb52d529d13302e22cb6d1402767cf14bced8051a89c683f47338dfb,4000718,04113e9f6769c2c4c200ca759e8baac6d57f52a0764c73da6b2e8f02cc74ac41fd1e9efe48059ab6301ca5f7bfd38b811736d96a99b8721f457577c6839f35ca80,04866e20b7e38b55cb19d87f62c0ca99d42405bc417995eda715a2d97a20a395a72cf0c37bb2962a6857c4af95d2908b2c7a3482a6c095e8f782e90c96992f1d24,0,0.00209829
0x6079a444001ac768372028a02c1019e6f36349b7dec5ee8d37e0d24543b286f9,4000718,049b1138c2535ccd40cc5ae373de04dd81d2323d2ea7a2f85f881d37a03f3b2ddf13f8ffcf737822e0cb22ab16bd27abf16e3a232741e0548f937efde0326d4681,04a1a2a05dfc36fb3af31beb5216ff3a7ecb63168827ba213e34c857760ddfd95f60badca9eb401bc4b45e8be2eae023b39a13229e5ccca58306b288d9baab934f,0,0.00111621
0x336447f3a804d8e1c5c3f7743da512acc1d3e419984ffe1a6fe44819732e976b,4000718,0417bc2a6f85ba17e0d121c40dd4750494a0f79f860fe6adbe2f8a99ec5a8b5d044f1b389fce659ede2a759efba1d041676966997098efbab573fc055456c9a3c2,04d7a6df66e4e5fd2888bf34d9f9aab650835fe8e55a5567c4dba50a9013c0ed0e24c435ccc20008c5e9758e50e35530434ca1149f6b6fc5ef6586d027cade5609,0.051935601,0.000441
0xa05db8e0c6f41f572a15c1e420b945bfeb93d2730f9f496699d432d9a38f4f5b,4000718,044aba91c436fa47584795b91dbd71c7ba57170c0d821538976ba0946dc859eeb3236533b3874be2c0fb25dff80e041e92086174dc6853d2ad00294601642ded6c,044cf97383f1e58194906b7c9d7a56580981a870a6757c9e255c76b2f59f673186fdb49bd2c554184cffc069cead3954daaba0393c705a60019fe9a8ce3157ec82,1.095,0.00046305
0x8bb461452026c95c3386f5420fb03e1c76364af5449a5d4030a84a337e9917bc,4000718,040348778d72cb35e1c114eb98861738b4b20bf216a360758aae189f8e95b6506150c18f696164651ee79d36c38d6eab533febc8e560bfbaaf78ee4b473188e87e,04f0f1faa4f07d13e39170e38bd505d04f8786256b509e9eddc27d2155dad0b184c414ce152728f1837fa5e6a0f4303fdb5a74fdd54c28d88216bf3a905ded81b0,0.1,0.0004851
0x45fb1b961ec1f7df3bca08e9a9684bd6c1c33f9290434cd4c1f796f78f3137ce,4000718,04003be2c5773fee90d8351c144932a3e8996c8be0109418a011ec3bb4295d230d787e82893e2e71d01c404d265a1cbf31ce9c45f012308f41c65c513e22627a47,04db7e01dd836bc6294833486a97132c67c05ec55565f84604e9d6e916761596193a5e95e3b1aacddb1ff5bcc0d55d8d1b186d88019077a654dc444e4a72e4285f,5.03,0.0010605
0x642f1965d2bee8889ccb50ce9c3ea4566fb450a49f678cf3a6bd9736a0480945,4000718,04003be2c5773fee90d8351c144932a3e8996c8be0109418a011ec3bb4295d230d787e82893e2e71d01c404d265a1cbf31ce9c45f012308f41c65c513e22627a47,047877f72c3f9ab7513552773eaaac00f0c283566feed516cbaf0fc063f15ca1d9ef35ddf49d9b7d49ad2a1363fd12b77257abc6514ba1b102c83bb13fea304a02,11.8414,0.0010605
0x94280df4fc05cecdf3ab60b97d42c1d141c28141af91fa93343e4db1010f5c58,4000718,04003be2c5773fee90d8351c144932a3e8996c8be0109418a011ec3bb4295d230d787e82893e2e71d01c404d265a1cbf31ce9c45f012308f41c65c513e22627a47,043d938508f6bdf0594d8bf3dc4ed9cb57604a7d3827eb5b60e339ff444a4a15b2a765e5dc9309e487ec12bde851208da09052f5cbde194716a2e7875c556aca30,19.59677808,0.0010605
0x7d6677bf27b929103e2737afde969c0be97401220e64c2309ed643a26a3b841c,4000718,04472e2c3ecce41686dda7df95f2f1ab7d96a1cea4ae77900a71c8ecbe0ce19efe5fe47889c3aaf8e8f7d654888bfbba73ca1cbaef7e967bcbcba3d69f8a262fe1,04a35c9dc03bcbd1a862e0ec628c072d76929fb32c6be923deb4ec69fa9d077fed89568029ef6fe8eb2efcf7b4b8b0e0d5343cb98e97a362e190db844d302107c7,4.340302478,0.00146374
0xce8dc903166b6522a6c3c1b4f90c5e1e01b24054ac9deb4619ba9dc2c30864b0,4000718,042c95ef7d761470cc85e1d54cc55c55a5c74ae8ac2f73f87599ae24e7ff22d86aa33be804d08beeea43248dd8970f69bd6b4405d7223c621950a8e0b30e3a2afc,048802114cc855eb513c95cb7a107a7497f2ed8c7cff9b81cfa21b390d820b47f4169ddf7a9e4e800c08ce59a907855030e96a41a2edda6f11b571793979a53477,0,0.00134383
0xfbbf06e67793aec8e726922aa61c62a8809251e1fb8c9ba80b414d3e7ec017a8,4000718,04f4b1953a11f9f71be1f827f340cee96ae5a62db754e9a03cc0d68082fdb10cfe7fa1b5a818067929ef9b62ab5c86c765588332dbcbe3a26214a15d57e3669aad,044ed34700d4185d8b7a6437776a978f220a1a2e80e3dffe3ef3c388d45167410e267764b4a7928520edfb49bd9ed4366611c940abcbe5758a0077a34afde0ba75,0,0.0037065
